Kategori,Detay
Güçlü Yönler,Yüksek hidroelektrik kapasitesi (2023: 63.85 TWh)
Güçlü Yönler,"Güneş ve rüzgar potansiyeli (güneş: 20.52 TWh, rüzgar: 34.07 TWh)"
Güçlü Yönler,YEKDEM teşvikleri
Güçlü Yönler,Avrupa-Asya enerji merkezi potansiyeli
Zayıf Yönler,Fosil yakıt bağımlılığı (CO2: 4.95 ton/kişi)
Zayıf Yönler,Yüksek finansman maliyetleri
Zayıf Yönler,Teknolojik ithalat bağımlılığı
Zayıf Yönler,Bürokratik gecikmeler
Fırsatlar,AB Yeşil Mutabakatı ile ihracat avantajı
Fırsatlar,Yeşil hidrojen pilot projeleri
Fırsatlar,"Uluslararası fonlar (EBRD, Dünya Bankası)"
Fırsatlar,Yerli teknoloji üretimi için AR-GE
Tehditler,İklim değişikliği ve su kaynaklarında azalma
Tehditler,Geopolitik riskler
Tehditler,Çin ve Avrupa’dan rekabet
Tehditler,Politika belirsizliği
Politika,Düşük faizli krediler ve uluslararası fonlar
Politika,Güneş/rüzgar teknolojisi için AR-GE teşvikleri
Politika,İzin süreçleri için dijital platformlar
Politika,Karbon vergisi uygulaması
Politika,Mesleki eğitim programları
Politika,Yeşil hidrojen pilot projeleri
